levels,cost,c_prime,alpha,beta,gamma,a,b,c,pmax
1,6329.03,1800,19.90,0.1610,-0.00056,629,0.696,-0.01160,80
2,2489.31,1800,1.21,0.0644,-0.00056,215,2.950,-0.11500,25
3,3270.27,1800,6.52,0.1020,-0.00023,361,0.530,-0.00946,35