Pump,Co,Cp,alpha,beta,gamma,a,b,c,Pmax
1,6329.0299999999997,1800,19.899999999999999,0.161,-5.6099999999999998e-04,629,0.69599999999999995,-1.1599999999999999e-02,80
2,2489.3099999999999,1800,1.21,6.4399999999999999e-02,-5.6400000000000005e-04,215,2.9500000000000002,-0.115,25
3,3270.27,1800,6.5199999999999996,0.10199999999999999,-2.32e-04,361,0.53000000000000003,-9.4599999999999997e-03,35
